id,no,domain,raw_command,token_count,predicted_task_count,predicted_task_labels,predicted_task_segments,review_flag,manual_keep,manual_corrected_task_segments,manual_corrected_task_labels,manual_note,needs_review
CK-3703,1,temel_bilgisayar,şu açık pencereyi kenara al ama kapatma,7,1,TAŞI,TAŞI:açık pencereyi kenara al,riskli_ifade,1,açık pencereyi kenara al,TAŞI,,True
CK-3704,2,temel_bilgisayar,masaüstünde duran klasörü açmadan adının sonuna eski yaz,8,1,YAZ,YAZ:adının sonuna eski yaz,riskli_ifade,1,adının sonuna eski yaz,YAZ,,True
CK-3705,3,temel_bilgisayar,ayarlarda ses kısmına git ve seviyeyi 25 yap,8,2,GİT ; DEĞİŞTİR,GİT:ayarlarda ses kısmına git ; DEĞİŞTİR:seviyeyi 25 yap,riskli_ifade | kontrol_gereken_label,1,ayarlarda ses kısmına git ; seviyeyi 25 yap,GİT ; DEĞİŞTİR,,True
CK-3706,4,temel_bilgisayar,parlaklığı biraz değil direkt 45’e çek,6,1,KAYDIR,KAYDIR:direkt 45’e çek,riskli_ifade,1,direkt 45’e çek,KAYDIR,,True
CK-3707,5,temel_bilgisayar,hayır orası değil görev çubuğundaki arama yerine geç,8,1,GEÇ,GEÇ:arama yerine geç,riskli_ifade | kontrol_gereken_label,1,arama yerine geç,GEÇ,,True
CK-3708,6,temel_bilgisayar,ekrandaki metin çok ufak büyüteci bir tık aç,8,2,BÜYÜT ; AÇ,BÜYÜT:büyüteci ; AÇ:bir tık aç,,1,büyüteci ; bir tık aç,BÜYÜT ; AÇ,,False
CK-3709,7,temel_bilgisayar,şu bildirimi silme sadece gizle,5,1,DİĞER,DİĞER:gizle,riskli_ifade | kontrol_gereken_label,1,gizle,DİĞER,,True
CK-3710,8,temel_bilgisayar,açık olan pencereyi küçült sonra masaüstünü göster,7,2,KÜÇÜLT ; DİĞER,KÜÇÜLT:açık olan pencereyi küçült ; DİĞER:masaüstünü göster,riskli_ifade | kontrol_gereken_label,1,açık olan pencereyi küçült ; masaüstünü göster,KÜÇÜLT ; DİĞER,,True
CK-3711,9,temel_bilgisayar,imleç boyutunu büyük yapma orta ayara getir,7,2,GEÇ ; DİĞER,GEÇ:orta ayara ; DİĞER:getir,riskli_ifade | kontrol_gereken_label,1,orta ayara ; getir,GEÇ ; DİĞER,,True
CK-3712,10,temel_bilgisayar,başlangıç menüsünde ekran klavyesini ara,5,1,ARA,ARA:ekran klavyesini ara,,1,ekran klavyesini ara,ARA,,False
CK-3713,11,temel_bilgisayar,şu dosyayı çöp kutusuna atma yedek klasörüne al,8,1,TAŞI,TAŞI:yedek klasörüne al,,1,yedek klasörüne al,TAŞI,,False
CK-3714,12,temel_bilgisayar,masaüstündeki boş yere tıkla ve yeni klasör oluştur,8,2,TIKLA ; YENİ_OLUŞTUR,TIKLA:boş yere tıkla ; YENİ_OLUŞTUR:yeni klasör oluştur,,1,boş yere tıkla ; yeni klasör oluştur,TIKLA ; YENİ_OLUŞTUR,,False
CK-3715,13,temel_bilgisayar,ekrandaki uyarının metnini kopyala sonra pencereyi kapat,7,2,KOPYALA ; KAPAT,KOPYALA:ekrandaki uyarının metnini kopyala ; KAPAT:pencereyi kapat,,1,ekrandaki uyarının metnini kopyala ; pencereyi kapat,KOPYALA ; KAPAT,,False
CK-3716,14,temel_bilgisayar,ayarlar penceresini kapatma erişilebilirlik bölümüne dön,6,1,GEÇ,GEÇ:erişilebilirlik bölümüne dön,riskli_ifade | kontrol_gereken_label,1,erişilebilirlik bölümüne dön,GEÇ,,True
CK-3717,15,temel_bilgisayar,bu pencereyi biraz aşağı taşı üst taraf görünsün,8,2,TAŞI ; DİĞER,TAŞI:bu pencereyi biraz aşağı taşı ; DİĞER:üst taraf görünsün,kontrol_gereken_label,1,bu pencereyi biraz aşağı taşı ; üst taraf görünsün,TAŞI ; DİĞER,,True
CK-3718,16,temel_bilgisayar,şey ses ayarını aç hoparlörü 30’a getir,7,2,AÇ ; GEÇ,AÇ:ses ayarını aç ; GEÇ:hoparlörü 30’a getir,riskli_ifade | kontrol_gereken_label,1,ses ayarını aç ; hoparlörü 30’a getir,AÇ ; GEÇ,,True
CK-3719,17,temel_bilgisayar,görev çubuğuna sabitli olmayan hesap makinesini bul,7,1,BUL,BUL:olmayan hesap makinesini bul,,1,olmayan hesap makinesini bul,BUL,,False
CK-3720,18,temel_bilgisayar,son açılan pencereye geç ve boyutunu biraz küçült,8,2,GEÇ ; KÜÇÜLT,GEÇ:açılan pencereye geç ; KÜÇÜLT:boyutunu biraz küçült,kontrol_gereken_label,1,açılan pencereye geç ; boyutunu biraz küçült,GEÇ ; KÜÇÜLT,,True
CK-3721,19,temel_bilgisayar,masaüstünü yenile sonra indirilenler klasörünü göster,6,2,YİNELE ; DİĞER,YİNELE:masaüstünü yenile ; DİĞER:indirilenler klasörünü göster,riskli_ifade | kontrol_gereken_label,1,masaüstünü yenile ; indirilenler klasörünü göster,YİNELE ; DİĞER,,True
CK-3722,20,temel_bilgisayar,bu kısayolun adını değiştirme sadece başka klasöre taşı,8,1,TAŞI,TAŞI:başka klasöre taşı,,1,başka klasöre taşı,TAŞI,,False
CK-3723,21,temel_bilgisayar,ekran parlaklığını düşürme gece ışığını aç,6,1,AÇ,AÇ:gece ışığını aç,,1,gece ışığını aç,AÇ,,False
CK-3724,22,temel_bilgisayar,açık uygulamalar arasında bir önceki pencereye dön,7,2,DİĞER ; GEÇ,DİĞER:açık uygulamalar arasında ; GEÇ:bir önceki pencereye dön,riskli_ifade | kontrol_gereken_label,1,açık uygulamalar arasında ; bir önceki pencereye dön,DİĞER ; GEÇ,,True
CK-3725,23,temel_bilgisayar,şu küçük kutuyu büyütme yanındaki seçenekleri göster,7,1,DİĞER,DİĞER:yanındaki seçenekleri göster,riskli_ifade | kontrol_gereken_label,1,yanındaki seçenekleri göster,DİĞER,,True
CK-3726,24,temel_bilgisayar,masaüstündeki dağınık simgeleri ada göre sırala,6,1,DİĞER,DİĞER:dağınık simgeleri ada göre sırala,kontrol_gereken_label,1,dağınık simgeleri ada göre sırala,DİĞER,,True
CK-3727,25,temel_bilgisayar,ayarlarda fare hızını 6 yap,5,1,DEĞİŞTİR,DEĞİŞTİR:fare hızını 6 yap,kontrol_gereken_label,1,fare hızını 6 yap,DEĞİŞTİR,,True
CK-3728,26,temel_bilgisayar,bildirim merkezini aç ve sessiz olanları listele,7,2,AÇ ; DİĞER,AÇ:bildirim merkezini aç ; DİĞER:sessiz olanları listele,riskli_ifade | kontrol_gereken_label,1,bildirim merkezini aç ; sessiz olanları listele,AÇ ; DİĞER,,True
CK-3729,27,temel_bilgisayar,yanlış oldu arama kutusuna değil dosya gezginine geç,8,1,GEÇ,GEÇ:dosya gezginine geç,riskli_ifade | kontrol_gereken_label,1,dosya gezginine geç,GEÇ,,True
CK-3730,28,temel_bilgisayar,açık pencereyi tam ekran yapma sadece biraz büyüt,8,1,BÜYÜT,BÜYÜT:biraz büyüt,,1,biraz büyüt,BÜYÜT,,False
CK-3731,29,temel_bilgisayar,seçili dosyanın adını kopyala ama dosyayı açma,7,1,KOPYALA,KOPYALA:seçili dosyanın adını kopyala,riskli_ifade,1,seçili dosyanın adını kopyala,KOPYALA,,True
CK-3732,30,temel_bilgisayar,bu ekran görüntüsünü kaydetme panoya al,6,1,TAŞI,TAŞI:panoya al,,1,panoya al,TAŞI,,False
CK-3733,31,temel_bilgisayar,klasördeki son indirilen öğeyi bul ve klasörde göster,8,2,BUL ; TIKLA,BUL:son indirilen öğeyi bul ; TIKLA:klasörde göster,riskli_ifade,1,son indirilen öğeyi bul ; klasörde göster,BUL ; TIKLA,,True
CK-3734,32,temel_bilgisayar,ses seviyesi fazla gelirse 15’e indir,6,1,AZALT,AZALT:15’e indir,,1,15’e indir,AZALT,,False
CK-3735,33,temel_bilgisayar,şu boş alana bir boşluk bırak sonra bekle,8,2,BOŞLUK ; DİĞER,BOŞLUK:şu boş alana bir boşluk bırak ; DİĞER:bekle,kontrol_gereken_label,1,şu boş alana bir boşluk bırak ; bekle,BOŞLUK ; DİĞER,,True
CK-3736,34,temel_bilgisayar,başlat menüsündeki aramayı temizle ve ayarlar yaz,7,2,SİL ; YAZ,SİL:başlat menüsündeki aramayı temizle ; YAZ:ayarlar yaz,riskli_ifade,1,başlat menüsündeki aramayı temizle ; ayarlar yaz,SİL ; YAZ,,True
CK-3737,35,temel_bilgisayar,masaüstündeki eski notu sil ama klasörü elleme,7,1,SİL,SİL:eski notu sil,riskli_ifade,1,eski notu sil,SİL,,True
CK-3738,36,temel_bilgisayar,o pencereyi kapatmadan arka plandaki pencereye geç,7,1,GEÇ,GEÇ:arka plandaki pencereye geç,riskli_ifade | kontrol_gereken_label,1,arka plandaki pencereye geç,GEÇ,,True
CK-3739,37,temel_bilgisayar,ekran okuyucunun sesini hızlandırma sadece seviyesini azalt,7,1,AZALT,AZALT:seviyesini azalt,,1,seviyesini azalt,AZALT,,False
CK-3740,38,temel_bilgisayar,görev çubuğundan takvimi göster ve bugünün tarihini seç,8,2,DİĞER ; SEÇ,DİĞER:takvimi göster ; SEÇ:bugünün tarihini seç,riskli_ifade | kontrol_gereken_label,1,takvimi göster ; bugünün tarihini seç,DİĞER ; SEÇ,,True
CK-3741,39,temel_bilgisayar,bu simgeye tıklama yanındaki klasörü aç,6,1,AÇ,AÇ:yanındaki klasörü aç,riskli_ifade,1,yanındaki klasörü aç,AÇ,,True
CK-3742,40,temel_bilgisayar,imleci arama alanına götür ve orada bırak,7,1,GİT,GİT:imleci arama alanına götür,riskli_ifade | kontrol_gereken_label,1,imleci arama alanına götür,GİT,,True
CK-3743,41,temel_bilgisayar,yeni bir metin belgesi oluştur adını kısa_not yap,8,2,YENİ_OLUŞTUR ; YENİDEN_ADLANDIR,YENİ_OLUŞTUR:yeni bir metin belgesi oluştur ; YENİDEN_ADLANDIR:adını kısa_not yap,kontrol_gereken_label,1,yeni bir metin belgesi oluştur ; adını kısa_not yap,YENİ_OLUŞTUR ; YENİDEN_ADLANDIR,,True
CK-3744,42,temel_bilgisayar,klasör adının başına arşiv ekle uzantıları değiştirme,7,1,YAZ,YAZ:klasör adının başına arşiv ekle,riskli_ifade,1,klasör adının başına arşiv ekle,YAZ,,True
CK-3745,43,temel_bilgisayar,ekran ölçeğini 125 yap sonra açık pencereye dön,8,2,DEĞİŞTİR ; GEÇ,DEĞİŞTİR:ekran ölçeğini 125 yap ; GEÇ:açık pencereye dön,riskli_ifade | kontrol_gereken_label,1,ekran ölçeğini 125 yap ; açık pencereye dön,DEĞİŞTİR ; GEÇ,,True
CK-3746,44,temel_bilgisayar,bu uyarıyı kapatma önce ayrıntılarını göster,6,1,DİĞER,DİĞER:ayrıntılarını göster,riskli_ifade | kontrol_gereken_label,1,ayrıntılarını göster,DİĞER,,True
CK-3747,45,temel_bilgisayar,masaüstündeki geçici dosyayı sil sonra çöp kutusunu boşaltma,8,1,SİL,SİL:masaüstündeki geçici dosyayı sil,,1,masaüstündeki geçici dosyayı sil,SİL,,False
CK-3748,46,temel_bilgisayar,ayarlarda klavye bölümüne git tekrarlama hızını azalt,7,2,GİT ; AZALT,GİT:klavye bölümüne git ; AZALT:tekrarlama hızını azalt,riskli_ifade | kontrol_gereken_label,1,klavye bölümüne git ; tekrarlama hızını azalt,GİT ; AZALT,,True
CK-3749,47,temel_bilgisayar,pencereyi sağ kenara yasla ama tam ekran yapma,8,1,KAYDIR,KAYDIR:pencereyi sağ kenara yasla,riskli_ifade,1,pencereyi sağ kenara yasla,KAYDIR,,True
CK-3750,48,temel_bilgisayar,şu açık listeyi aşağı indir en sondaki öğeyi göster,9,2,KAYDIR ; DİĞER,KAYDIR:açık listeyi aşağı indir ; DİĞER:en sondaki öğeyi göster,riskli_ifade | kontrol_gereken_label,1,açık listeyi aşağı indir ; en sondaki öğeyi göster,KAYDIR ; DİĞER,,True
CK-3751,49,temel_bilgisayar,bilgisayarı kapatma sadece oturumu kilitle,5,1,DİĞER,DİĞER:oturumu kilitle,riskli_ifade | kontrol_gereken_label,1,oturumu kilitle,DİĞER,,True
CK-3752,50,temel_bilgisayar,son kullandığım klasörü aç ve görünümü listeye çevir,8,2,AÇ ; DEĞİŞTİR,AÇ:kullandığım klasörü aç ; DEĞİŞTİR:görünümü listeye çevir,kontrol_gereken_label,1,kullandığım klasörü aç ; görünümü listeye çevir,AÇ ; DEĞİŞTİR,,True
CK-3753,51,tarayıcı_internet,internet sayfasında arama kutusuna sınav takvimi yaz ama ilk sonuca basma,11,1,YAZ,YAZ:arama kutusuna sınav takvimi yaz,riskli_ifade,1,arama kutusuna sınav takvimi yaz,YAZ,,True
CK-3754,52,tarayıcı_internet,öbür sekmeye geç ve sayfanın başına dön,7,2,SEKME_DEĞİŞTİR ; GEÇ,SEKME_DEĞİŞTİR:öbür sekmeye geç ; GEÇ:sayfanın başına dön,kontrol_gereken_label,1,öbür sekmeye geç ; sayfanın başına dön,SEKME_DEĞİŞTİR ; GEÇ,,True
CK-3755,53,tarayıcı_internet,bu sekmeyi kapatma sadece yenile,5,1,YİNELE,YİNELE:yenile,riskli_ifade,1,yenile,YİNELE,,True
CK-3756,54,tarayıcı_internet,sayfadaki indirme bağlantısını bulup adresini kopyala,6,2,BUL ; KOPYALA,BUL:sayfadaki indirme bağlantısını bulup ; KOPYALA:adresini kopyala,,1,sayfadaki indirme bağlantısını bulup ; adresini kopyala,BUL ; KOPYALA,,False
CK-3757,55,tarayıcı_internet,yeni sekme açmadan mevcut sayfada duyuru ara,7,1,ARA,ARA:mevcut sayfada duyuru ara,riskli_ifade,1,mevcut sayfada duyuru ara,ARA,,True
CK-3758,56,tarayıcı_internet,yanlış oldu geri dön önceki sayfaya git,7,2,GEÇ ; GİT,GEÇ:geri dön ; GİT:önceki sayfaya git,kontrol_gereken_label,1,geri dön ; önceki sayfaya git,GEÇ ; GİT,,True
CK-3759,57,tarayıcı_internet,sağdaki sekmeye değil soldaki sekmeye geç,6,1,SEKME_DEĞİŞTİR,SEKME_DEĞİŞTİR:soldaki sekmeye geç,riskli_ifade | kontrol_gereken_label,1,soldaki sekmeye geç,SEKME_DEĞİŞTİR,,True
CK-3760,58,tarayıcı_internet,pdf açıldıysa dosyayı tekrar indirme klasörde göster,7,1,TIKLA,TIKLA:klasörde göster,riskli_ifade,1,klasörde göster,TIKLA,,True
CK-3761,59,tarayıcı_internet,arama sonucundaki ikinci bağlantıya tıklamadan metnini seç,7,1,SEÇ,SEÇ:metnini seç,riskli_ifade,1,metnini seç,SEÇ,,True
CK-3762,60,tarayıcı_internet,sayfayı biraz aşağı kaydır formun devamı görünsün,7,2,KAYDIR ; DİĞER,KAYDIR:sayfayı biraz aşağı kaydır ; DİĞER:formun devamı görünsün,kontrol_gereken_label,1,sayfayı biraz aşağı kaydır ; formun devamı görünsün,KAYDIR ; DİĞER,,True
CK-3763,61,tarayıcı_internet,bu siteyi yer imlerine ekle adını ders linkleri yap,9,2,YÜKLE ; YENİDEN_ADLANDIR,YÜKLE:yer imlerine ekle ; YENİDEN_ADLANDIR:adını ders linkleri yap,kontrol_gereken_label,1,yer imlerine ekle ; adını ders linkleri yap,YÜKLE ; YENİDEN_ADLANDIR,,True
CK-3764,62,tarayıcı_internet,adres çubuğundaki eski yazıyı sil yeni adresi yapıştır,8,2,SİL ; YAPIŞTIR,SİL:adres çubuğundaki eski yazıyı sil ; YAPIŞTIR:yeni adresi yapıştır,,1,adres çubuğundaki eski yazıyı sil ; yeni adresi yapıştır,SİL ; YAPIŞTIR,,False
CK-3765,63,tarayıcı_internet,indirme başlamadıysa düğmeye bir kez daha tıkla,7,1,TIKLA,TIKLA:düğmeye bir kez daha tıkla,riskli_ifade,1,düğmeye bir kez daha tıkla,TIKLA,,True
CK-3766,64,tarayıcı_internet,sekmeleri karıştırdım toplantı sekmesine dön,5,1,SEKME_DEĞİŞTİR,SEKME_DEĞİŞTİR:toplantı sekmesine dön,kontrol_gereken_label,1,toplantı sekmesine dön,SEKME_DEĞİŞTİR,,True
CK-3767,65,tarayıcı_internet,açık sayfada iletişim kısmını ara ve oraya git,8,2,ARA ; GİT,ARA:iletişim kısmını ara ; GİT:oraya git,kontrol_gereken_label,1,iletişim kısmını ara ; oraya git,ARA ; GİT,,True
CK-3768,66,tarayıcı_internet,reklamı kapatma asıl sayfayı yenile,5,1,YİNELE,YİNELE:asıl sayfayı yenile,riskli_ifade,1,asıl sayfayı yenile,YİNELE,,True
CK-3769,67,tarayıcı_internet,dosyayı indir ama açılır pencere çıkarsa iptal etme,8,1,İNDİR,İNDİR:dosyayı indir,riskli_ifade,1,dosyayı indir,İNDİR,,True
CK-3770,68,tarayıcı_internet,tarayıcıda geçmişe girme sadece son kapatılan sekmeyi geri getir,9,1,DİĞER,DİĞER:son kapatılan sekmeyi geri getir,riskli_ifade | kontrol_gereken_label,1,son kapatılan sekmeyi geri getir,DİĞER,,True
CK-3771,69,tarayıcı_internet,sayfanın üstündeki menüyü göster ve başvurular kısmına geç,8,2,TIKLA ; GEÇ,TIKLA:sayfanın üstündeki menüyü göster ; GEÇ:başvurular kısmına geç,riskli_ifade | kontrol_gereken_label,1,sayfanın üstündeki menüyü göster ; başvurular kısmına geç,TIKLA ; GEÇ,,True
CK-3772,70,tarayıcı_internet,bu bağlantıyı açmadan yeni sekmede hazır beklet,7,2,SEKME_DEĞİŞTİR ; DİĞER,SEKME_DEĞİŞTİR:yeni sekmede ; DİĞER:hazır beklet,riskli_ifade | kontrol_gereken_label,1,yeni sekmede ; hazır beklet,SEKME_DEĞİŞTİR ; DİĞER,,True
CK-3773,71,tarayıcı_internet,arama alanına hata kodunu yaz enter basma,7,2,YAZ ; ENTER,YAZ:arama alanına hata kodunu yaz ; ENTER:enter basma,riskli_ifade,1,arama alanına hata kodunu yaz ; enter basma,YAZ ; ENTER,,True
CK-3774,72,tarayıcı_internet,indirilen pdfin adını değiştirme sadece indirme klasöründe göster,8,1,TIKLA,TIKLA:indirme klasöründe göster,riskli_ifade,1,indirme klasöründe göster,TIKLA,,True
CK-3775,73,tarayıcı_internet,sayfanın dilini değiştirme yazıları biraz büyüt,6,1,BÜYÜT,BÜYÜT:yazıları biraz büyüt,,1,yazıları biraz büyüt,BÜYÜT,,False
CK-3776,74,tarayıcı_internet,önceki sekmeye dön ve aramayı tekrar yap,7,2,SEKME_DEĞİŞTİR ; YİNELE,SEKME_DEĞİŞTİR:önceki sekmeye dön ; YİNELE:aramayı tekrar yap,riskli_ifade | kontrol_gereken_label,1,önceki sekmeye dön ; aramayı tekrar yap,SEKME_DEĞİŞTİR ; YİNELE,,True
CK-3777,75,tarayıcı_internet,açık olan internet sayfasında tabloyu bul aşağı kaydır,8,2,BUL ; KAYDIR,BUL:açık olan internet sayfasında tabloyu bul ; KAYDIR:aşağı kaydır,,1,açık olan internet sayfasında tabloyu bul ; aşağı kaydır,BUL ; KAYDIR,,False
CK-3778,76,tarayıcı_internet,bu formu gönderme sadece taslakta bırak,6,1,BOŞLUK,BOŞLUK:bırak,riskli_ifade | kontrol_gereken_label,1,bırak,BOŞLUK,,True
CK-3779,77,tarayıcı_internet,linki kopyala sonra not alanına yapıştır,6,2,KOPYALA ; YAPIŞTIR,KOPYALA:linki kopyala ; YAPIŞTIR:not alanına yapıştır,,1,linki kopyala ; not alanına yapıştır,KOPYALA ; YAPIŞTIR,,False
CK-3780,78,tarayıcı_internet,sekmeyi yenilemeden adres çubuğuna yeni sorguyu yaz,7,1,YAZ,YAZ:adres çubuğuna yeni sorguyu yaz,,1,adres çubuğuna yeni sorguyu yaz,YAZ,,False
CK-3781,79,tarayıcı_internet,sayfanın en altına git gizlilik bağlantısını bul,7,2,GİT ; BUL,GİT:sayfanın en altına git ; BUL:gizlilik bağlantısını bul,kontrol_gereken_label,1,sayfanın en altına git ; gizlilik bağlantısını bul,GİT ; BUL,,True
CK-3782,80,tarayıcı_internet,indirme simgesine değil yanındaki ayrıntılar yazısına tıkla,7,1,TIKLA,TIKLA:yanındaki ayrıntılar yazısına tıkla,riskli_ifade,1,yanındaki ayrıntılar yazısına tıkla,TIKLA,,True
CK-3783,81,tarayıcı_internet,tarayıcıda açık olan üçüncü sekmeye geç,6,1,SEKME_DEĞİŞTİR,SEKME_DEĞİŞTİR:üçüncü sekmeye geç,kontrol_gereken_label,1,üçüncü sekmeye geç,SEKME_DEĞİŞTİR,,True
CK-3784,82,tarayıcı_internet,bu sayfadaki sonuçları tarihe göre sırala,6,1,DİĞER,DİĞER:sonuçları tarihe göre sırala,kontrol_gereken_label,1,sonuçları tarihe göre sırala,DİĞER,,True
CK-3785,83,tarayıcı_internet,pdf görüntüleyicide sayfayı küçültme sadece sonraki sayfaya geç,8,1,GEÇ,GEÇ:sonraki sayfaya geç,kontrol_gereken_label,1,sonraki sayfaya geç,GEÇ,,True
CK-3786,84,tarayıcı_internet,arama önerilerini kapat ve yazdığım metni temizle,7,2,KAPAT ; SİL,KAPAT:arama önerilerini kapat ; SİL:yazdığım metni temizle,riskli_ifade,1,arama önerilerini kapat ; yazdığım metni temizle,KAPAT ; SİL,,True
CK-3787,85,tarayıcı_internet,bağlantıyı yeni pencerede değil aynı sekmede aç,7,1,AÇ,AÇ:aynı sekmede aç,riskli_ifade,1,aynı sekmede aç,AÇ,,True
CK-3788,86,tarayıcı_internet,o düğmeye basma sayfanın altında ek dosya var onu indir,10,1,İNDİR,İNDİR:onu indir,,1,onu indir,İNDİR,,False
CK-3789,87,tarayıcı_internet,açık sekmeleri listele ve içinde başvuru geçeni bul,8,2,DİĞER ; BUL,DİĞER:açık sekmeleri listele ; BUL:içinde başvuru geçeni bul,riskli_ifade | kontrol_gereken_label,1,açık sekmeleri listele ; içinde başvuru geçeni bul,DİĞER ; BUL,,True
CK-3790,88,tarayıcı_internet,sayfayı yukarı kaydır başlığı tekrar görmek istiyorum,7,2,KAYDIR ; YİNELE,KAYDIR:sayfayı yukarı kaydır ; YİNELE:başlığı tekrar görmek istiyorum,,1,sayfayı yukarı kaydır ; başlığı tekrar görmek istiyorum,KAYDIR ; YİNELE,,False
CK-3791,89,tarayıcı_internet,şuradaki captcha alanına dokunma devam butonuna tıkla,7,1,TIKLA,TIKLA:devam butonuna tıkla,,1,devam butonuna tıkla,TIKLA,,False
CK-3792,90,tarayıcı_internet,web sayfasını yazdırma görünümüne getir ama yazdırma,7,3,DİĞER ; GEÇ ; DİĞER,DİĞER:web sayfasını yazdırma ; GEÇ:görünümüne ; DİĞER:getir,riskli_ifade | kontrol_gereken_label,1,web sayfasını yazdırma ; görünümüne ; getir,DİĞER ; GEÇ ; DİĞER,,True
CK-3793,91,tarayıcı_internet,yanlış sayfa açıldı geri git ve aramayı yinele,8,2,GİT ; YİNELE,GİT:geri git ; YİNELE:aramayı yinele,riskli_ifade | kontrol_gereken_label,1,geri git ; aramayı yinele,GİT ; YİNELE,,True
CK-3794,92,tarayıcı_internet,tarayıcıdaki büyütmeyi 100 yap sonra sayfayı yenile,7,2,BÜYÜT ; YİNELE,BÜYÜT:tarayıcıdaki büyütmeyi 100 yap ; YİNELE:sayfayı yenile,,1,tarayıcıdaki büyütmeyi 100 yap ; sayfayı yenile,BÜYÜT ; YİNELE,,False
CK-3795,93,tarayıcı_internet,ilk sonucu açma sadece bağlantıyı panoya kopyala,7,1,KOPYALA,KOPYALA:bağlantıyı panoya kopyala,riskli_ifade,1,bağlantıyı panoya kopyala,KOPYALA,,True
CK-3796,94,tarayıcı_internet,yeni sekmede açılan pdfi indir ve sekmeyi açık bırak,9,3,AÇ ; İNDİR ; DİĞER,AÇ:yeni sekmede açılan ; İNDİR:pdfi indir ; DİĞER:sekmeyi açık bırak,kontrol_gereken_label,1,yeni sekmede açılan ; pdfi indir ; sekmeyi açık bırak,AÇ ; İNDİR ; DİĞER,,True
CK-3797,95,tarayıcı_internet,bu sitede öğrenci işleri yazıp ara,6,2,YAZ ; ARA,YAZ:öğrenci işleri yazıp ; ARA:ara,,1,öğrenci işleri yazıp ; ara,YAZ ; ARA,,False
CK-3798,96,tarayıcı_internet,sayfadaki bütün metni seçme yalnızca başlığı kopyala,7,1,KOPYALA,KOPYALA:başlığı kopyala,,1,başlığı kopyala,KOPYALA,,False
CK-3799,97,tarayıcı_internet,sekmeyi kapatmadan sol taraftaki haber sekmesine geç,7,1,SEKME_DEĞİŞTİR,SEKME_DEĞİŞTİR:sol taraftaki haber sekmesine geç,riskli_ifade | kontrol_gereken_label,1,sol taraftaki haber sekmesine geç,SEKME_DEĞİŞTİR,,True
CK-3800,98,tarayıcı_internet,adres çubuğuna odaklan eski adresi silmeden sonuna ekleme yap,9,2,SEÇ ; DİĞER,SEÇ:çubuğuna odaklan ; DİĞER:sonuna ekleme yap,riskli_ifade | kontrol_gereken_label,1,çubuğuna odaklan ; sonuna ekleme yap,SEÇ ; DİĞER,,True
CK-3801,99,tarayıcı_internet,indirme çubuğunu göster tamamlanan dosyayı klasörde aç,7,2,DİĞER ; AÇ,DİĞER:indirme çubuğunu göster ; AÇ:tamamlanan dosyayı klasörde aç,riskli_ifade | kontrol_gereken_label,1,indirme çubuğunu göster ; tamamlanan dosyayı klasörde aç,DİĞER ; AÇ,,True
CK-3802,100,tarayıcı_internet,sayfa donduysa yenile ama formdaki yazıları silme,7,1,YİNELE,YİNELE:yenile,riskli_ifade,1,yenile,YİNELE,,True
CK-3803,101,ofis_metin_düzenleme,açık olan belgede başlığı bul ve fontu 14 yap,9,2,BUL ; DEĞİŞTİR,BUL:açık olan belgede başlığı bul ; DEĞİŞTİR:fontu 14 yap,kontrol_gereken_label,1,açık olan belgede başlığı bul ; fontu 14 yap,BUL ; DEĞİŞTİR,,True
CK-3804,102,ofis_metin_düzenleme,seçili cümleyi kesme sadece rengini gri yap,7,1,DEĞİŞTİR,DEĞİŞTİR:rengini gri yap,kontrol_gereken_label,1,rengini gri yap,DEĞİŞTİR,,True
CK-3805,103,ofis_metin_düzenleme,Word'de son paragrafın altına boş satır ekle,7,1,BOŞLUK,BOŞLUK:son paragrafın altına boş satır ekle,kontrol_gereken_label,1,son paragrafın altına boş satır ekle,BOŞLUK,,True
CK-3806,104,ofis_metin_düzenleme,tabloyu seçmeden toplam satırını bul,5,1,BUL,BUL:toplam satırını bul,,1,toplam satırını bul,BUL,,False
CK-3807,105,ofis_metin_düzenleme,Excel'de hücre içindeki fazla boşluğu sil,6,1,SİL,SİL:hücre içindeki fazla boşluğu sil,,1,hücre içindeki fazla boşluğu sil,SİL,,False
CK-3808,106,ofis_metin_düzenleme,sunumda ikinci slayta geç ve başlığı küçült,7,2,GEÇ ; KÜÇÜLT,GEÇ:ikinci slayta geç ; KÜÇÜLT:başlığı küçült,kontrol_gereken_label,1,ikinci slayta geç ; başlığı küçült,GEÇ ; KÜÇÜLT,,True
CK-3809,107,ofis_metin_düzenleme,belgeyi yazdırma önizlemesine al ama çıktı alma,7,1,TAŞI,TAŞI:önizlemesine al,riskli_ifade,1,önizlemesine al,TAŞI,,True
CK-3810,108,ofis_metin_düzenleme,yanlış oldu metni silmeyeceksin altına açıklama ekle,7,1,YAZ,YAZ:altına açıklama ekle,riskli_ifade,1,altına açıklama ekle,YAZ,,True
CK-3811,109,ofis_metin_düzenleme,bu paragrafı kopyala ve yorum alanına yapıştır,7,2,KOPYALA ; YAPIŞTIR,KOPYALA:bu paragrafı kopyala ; YAPIŞTIR:yorum alanına yapıştır,,1,bu paragrafı kopyala ; yorum alanına yapıştır,KOPYALA ; YAPIŞTIR,,False
CK-3812,110,ofis_metin_düzenleme,Excel'de oran sütununu yüzde biçimine değiştir,6,1,DEĞİŞTİR,DEĞİŞTİR:oran sütununu yüzde biçimine değiştir,kontrol_gereken_label,1,oran sütununu yüzde biçimine değiştir,DEĞİŞTİR,,True
CK-3813,111,ofis_metin_düzenleme,açık belgeyi kaydetmeden kapatma sadece kaydet,6,1,KAYDET,KAYDET:kaydet,riskli_ifade,1,kaydet,KAYDET,,True
CK-3814,112,ofis_metin_düzenleme,PowerPoint'te grafiği sağa taşı ve biraz büyüt,7,2,TAŞI ; BÜYÜT,TAŞI:grafiği sağa taşı ; BÜYÜT:biraz büyüt,,1,grafiği sağa taşı ; biraz büyüt,TAŞI ; BÜYÜT,,False
CK-3815,113,ofis_metin_düzenleme,Word'de kaynakça kelimesini ara bulunca oraya git,7,3,ARA ; BUL ; GİT,ARA:kaynakça kelimesini ara ; BUL:bulunca ; GİT:oraya git,kontrol_gereken_label,1,kaynakça kelimesini ara ; bulunca ; oraya git,ARA ; BUL ; GİT,,True
CK-3816,114,ofis_metin_düzenleme,seçili satırı kes ve tablonun en altına koy,8,2,KES ; TAŞI,KES:seçili satırı kes ; TAŞI:tablonun en altına koy,,1,seçili satırı kes ; tablonun en altına koy,KES ; TAŞI,,False
CK-3817,115,ofis_metin_düzenleme,Excel'de formülü aşağı doğru yinele,5,1,YİNELE,YİNELE:formülü aşağı doğru yinele,,1,formülü aşağı doğru yinele,YİNELE,,False
CK-3818,116,ofis_metin_düzenleme,başlıktaki tarihi 2025 değil 2026 yap,6,1,YENİDEN_ADLANDIR,YENİDEN_ADLANDIR:2026 yap,riskli_ifade | kontrol_gereken_label,1,2026 yap,YENİDEN_ADLANDIR,,True
CK-3819,117,ofis_metin_düzenleme,metnin başına taslak yazma dosya adının sonuna ekle,8,2,DİĞER ; BOŞLUK,DİĞER:dosya adının ; BOŞLUK:sonuna ekle,riskli_ifade | kontrol_gereken_label,1,dosya adının ; sonuna ekle,DİĞER ; BOŞLUK,,True
CK-3820,118,ofis_metin_düzenleme,bu sayfayı yalnızca siyah beyaz yazdırmaya hazırla,7,1,YAZDIR,YAZDIR:yalnızca siyah beyaz yazdırmaya hazırla,riskli_ifade,1,yalnızca siyah beyaz yazdırmaya hazırla,YAZDIR,,True
CK-3821,119,ofis_metin_düzenleme,sunum notları bölümüne kısa bir boşluk bırak,7,1,BOŞLUK,BOŞLUK:sunum notları bölümüne kısa bir boşluk bırak,kontrol_gereken_label,1,sunum notları bölümüne kısa bir boşluk bırak,BOŞLUK,,True
CK-3822,120,ofis_metin_düzenleme,belgedeki çift boşlukları tek boşluğa çevir,6,1,DEĞİŞTİR,DEĞİŞTİR:çift boşlukları tek boşluğa çevir,kontrol_gereken_label,1,çift boşlukları tek boşluğa çevir,DEĞİŞTİR,,True
CK-3823,121,ofis_metin_düzenleme,ilk maddeyi silme sadece listenin sonuna taşı,7,1,TAŞI,TAŞI:listenin sonuna taşı,riskli_ifade,1,listenin sonuna taşı,TAŞI,,True
CK-3824,122,ofis_metin_düzenleme,Excel'de A sütununu gizleme genişliğini 12 yap,7,1,DEĞİŞTİR,DEĞİŞTİR:genişliğini 12 yap,kontrol_gereken_label,1,genişliğini 12 yap,DEĞİŞTİR,,True
CK-3825,123,ofis_metin_düzenleme,açık olan metinde sonuç başlığını bul ve altını çiz,9,2,BUL ; DİĞER,BUL:sonuç başlığını bul ; DİĞER:altını çiz,kontrol_gereken_label,1,sonuç başlığını bul ; altını çiz,BUL ; DİĞER,,True
CK-3826,124,ofis_metin_düzenleme,sunumda resmi seç ama silme kenarını küçült,7,2,SEÇ ; KÜÇÜLT,SEÇ:resmi seç ; KÜÇÜLT:silme kenarını küçült,riskli_ifade,1,resmi seç ; silme kenarını küçült,SEÇ ; KÜÇÜLT,,True
CK-3827,125,ofis_metin_düzenleme,Word belgesinde yorumları göster ve ilk yoruma git,8,2,DİĞER ; GİT,DİĞER:yorumları göster ; GİT:ilk yoruma git,riskli_ifade | kontrol_gereken_label,1,yorumları göster ; ilk yoruma git,DİĞER ; GİT,,True
CK-3828,126,ofis_metin_düzenleme,Excel'deki filtreyi temizle sonra tabloyu en üste kaydır,8,2,SİL ; KAYDIR,SİL:Excel'deki filtreyi temizle ; KAYDIR:tabloyu en üste kaydır,,1,Excel'deki filtreyi temizle ; tabloyu en üste kaydır,SİL ; KAYDIR,,False
CK-3829,127,ofis_metin_düzenleme,paragrafı seçmeden önce imleci giriş kısmına götür,7,1,GİT,GİT:imleci giriş kısmına götür,kontrol_gereken_label,1,imleci giriş kısmına götür,GİT,,True
CK-3830,128,ofis_metin_düzenleme,başlığı Times New Roman yapıp boyutunu 12’ye indir,8,2,YENİDEN_ADLANDIR ; KÜÇÜLT,YENİDEN_ADLANDIR:başlığı Times New Roman yapıp ; KÜÇÜLT:boyutunu 12’ye indir,kontrol_gereken_label,1,başlığı Times New Roman yapıp ; boyutunu 12’ye indir,YENİDEN_ADLANDIR ; KÜÇÜLT,,True
CK-3831,129,ofis_metin_düzenleme,seçili hücreyi kopyala boş hücreye yapıştır,6,2,KOPYALA ; YAPIŞTIR,KOPYALA:seçili hücreyi kopyala ; YAPIŞTIR:boş hücreye yapıştır,,1,seçili hücreyi kopyala ; boş hücreye yapıştır,KOPYALA ; YAPIŞTIR,,False
CK-3832,130,ofis_metin_düzenleme,yazdırma ekranında sayfa aralığını 1-2 yap,6,1,DEĞİŞTİR,DEĞİŞTİR:sayfa aralığını 1-2 yap,riskli_ifade | kontrol_gereken_label,1,sayfa aralığını 1-2 yap,DEĞİŞTİR,,True
CK-3833,131,ofis_metin_düzenleme,belgedeki boş sayfayı sil ama son paragrafı bırak,8,2,SİL ; BOŞLUK,SİL:belgedeki boş sayfayı sil ; BOŞLUK:son paragrafı bırak,riskli_ifade | kontrol_gereken_label,1,belgedeki boş sayfayı sil ; son paragrafı bırak,SİL ; BOŞLUK,,True
CK-3834,132,ofis_metin_düzenleme,sunumdaki animasyonu değiştirme sadece süresini azalt,6,1,AZALT,AZALT:süresini azalt,,1,süresini azalt,AZALT,,False
CK-3835,133,ofis_metin_düzenleme,Excel’de en yeni satırı bul ve not sütununa kontrol yaz,10,2,BUL ; YAZ,BUL:en yeni satırı bul ; YAZ:not sütununa kontrol yaz,,1,en yeni satırı bul ; not sütununa kontrol yaz,BUL ; YAZ,,False
CK-3836,134,ofis_metin_düzenleme,açık dosyayı farklı kaydetme normal kaydet yeter,7,1,KAYDET,KAYDET:normal kaydet yeter,,1,normal kaydet yeter,KAYDET,,False
CK-3837,135,ofis_metin_düzenleme,metindeki yanlış virgülü sil yerine nokta koy,7,2,SİL ; BOŞLUK,SİL:metindeki yanlış virgülü sil ; BOŞLUK:nokta koy,kontrol_gereken_label,1,metindeki yanlış virgülü sil ; nokta koy,SİL ; BOŞLUK,,True
CK-3838,136,ofis_metin_düzenleme,PowerPoint’te son slaytı çoğalt ve başlığını kapanış yap,8,2,DİĞER ; YENİDEN_ADLANDIR,DİĞER:son slaytı çoğalt ; YENİDEN_ADLANDIR:başlığını kapanış yap,kontrol_gereken_label,1,son slaytı çoğalt ; başlığını kapanış yap,DİĞER ; YENİDEN_ADLANDIR,,True
CK-3839,137,ofis_metin_düzenleme,Word’de başlığı büyütme alt başlığı küçült,6,1,KÜÇÜLT,KÜÇÜLT:alt başlığı küçült,,1,alt başlığı küçült,KÜÇÜLT,,False
CK-3840,138,ofis_metin_düzenleme,tablo başlığını kesip sayfanın üstüne yapıştır,6,2,KES ; YAPIŞTIR,KES:tablo başlığını kesip ; YAPIŞTIR:sayfanın üstüne yapıştır,,1,tablo başlığını kesip ; sayfanın üstüne yapıştır,KES ; YAPIŞTIR,,False
CK-3841,139,ofis_metin_düzenleme,Excel formül çubuğuna geç ve sondaki parantezi sil,8,2,GEÇ ; SİL,GEÇ:Excel formül çubuğuna geç ; SİL:sondaki parantezi sil,kontrol_gereken_label,1,Excel formül çubuğuna geç ; sondaki parantezi sil,GEÇ ; SİL,,True
CK-3842,140,ofis_metin_düzenleme,belgeyi pdf olarak kaydet ama yazdırma,6,1,KAYDET,KAYDET:belgeyi pdf olarak kaydet,riskli_ifade,1,belgeyi pdf olarak kaydet,KAYDET,,True
CK-3843,141,ofis_metin_düzenleme,sunumda açıklama kutusunu bul ve içine kısa not yaz,9,2,BUL ; YAZ,BUL:açıklama kutusunu bul ; YAZ:içine kısa not yaz,riskli_ifade,1,açıklama kutusunu bul ; içine kısa not yaz,BUL ; YAZ,,True
CK-3844,142,ofis_metin_düzenleme,seçili metni kalın yapma sadece italik yap,7,1,DEĞİŞTİR,DEĞİŞTİR:italik yap,kontrol_gereken_label,1,italik yap,DEĞİŞTİR,,True
CK-3845,143,ofis_metin_düzenleme,tablodaki boş hücreleri renkle işaretle sonra kaydet,7,2,TIKLA ; KAYDET,TIKLA:boş hücreleri renkle işaretle ; KAYDET:kaydet,,1,boş hücreleri renkle işaretle ; kaydet,TIKLA ; KAYDET,,False
CK-3846,144,ofis_metin_düzenleme,Word’de dipnotları göster ve ilk dipnota git,7,2,DİĞER ; GİT,DİĞER:dipnotları göster ; GİT:ilk dipnota git,riskli_ifade | kontrol_gereken_label,1,dipnotları göster ; ilk dipnota git,DİĞER ; GİT,,True
CK-3847,145,ofis_metin_düzenleme,Excel’de hücreye bir boşluk ekleyip enter bas,7,2,BOŞLUK ; ENTER,BOŞLUK:hücreye bir boşluk ekleyip ; ENTER:enter bas,kontrol_gereken_label,1,hücreye bir boşluk ekleyip ; enter bas,BOŞLUK ; ENTER,,True
CK-3848,146,ofis_metin_düzenleme,slayttaki resmi taşımadan önce kılavuz çizgileri göster,7,1,DİĞER,DİĞER:kılavuz çizgileri göster,riskli_ifade | kontrol_gereken_label,1,kılavuz çizgileri göster,DİĞER,,True
CK-3849,147,ofis_metin_düzenleme,sayfanın alt bilgisini aç ve tarihi 2026 yap,8,2,AÇ ; YENİDEN_ADLANDIR,AÇ:sayfanın alt bilgisini aç ; YENİDEN_ADLANDIR:tarihi 2026 yap,riskli_ifade | kontrol_gereken_label,1,sayfanın alt bilgisini aç ; tarihi 2026 yap,AÇ ; YENİDEN_ADLANDIR,,True
CK-3850,148,ofis_metin_düzenleme,"başlıkları seç, yazı boyutunu azalt, belgeyi kaydet",7,3,SEÇ ; AZALT ; KAYDET,"SEÇ:başlıkları seç, ; AZALT:yazı boyutunu azalt, ; KAYDET:belgeyi kaydet",,1,"başlıkları seç, ; yazı boyutunu azalt, ; belgeyi kaydet",SEÇ ; AZALT ; KAYDET,,False
CK-3851,149,ofis_metin_düzenleme,yazdırmadan önce kenar boşluklarını dar yap,6,2,ARTIR ; DEĞİŞTİR,ARTIR:kenar boşluklarını dar ; DEĞİŞTİR:yap,riskli_ifade | kontrol_gereken_label,1,kenar boşluklarını dar ; yap,ARTIR ; DEĞİŞTİR,,True
CK-3852,150,ofis_metin_düzenleme,açık raporda özet kısmını bul ve yeni sayfaya kopyala,9,2,BUL ; KOPYALA,BUL:açık raporda özet kısmını bul ; KOPYALA:yeni sayfaya kopyala,,1,açık raporda özet kısmını bul ; yeni sayfaya kopyala,BUL ; KOPYALA,,False
CK-3853,151,dosya_yazılım_geliştirme,terminale geç ama komut çalıştırma sadece imleci satır sonuna al,10,2,GEÇ ; TAŞI,GEÇ:terminale geç ; TAŞI:imleci satır sonuna al,riskli_ifade | kontrol_gereken_label,1,terminale geç ; imleci satır sonuna al,GEÇ ; TAŞI,,True
CK-3854,152,dosya_yazılım_geliştirme,VS Code’da README sekmesine geç ve arama panelini aç,9,2,SEKME_DEĞİŞTİR ; AÇ,SEKME_DEĞİŞTİR:README sekmesine geç ; AÇ:arama panelini aç,riskli_ifade | kontrol_gereken_label,1,README sekmesine geç ; arama panelini aç,SEKME_DEĞİŞTİR ; AÇ,,True
CK-3855,153,dosya_yazılım_geliştirme,config dosyasında port değerini 5000 yap,6,1,DEĞİŞTİR,DEĞİŞTİR:port değerini 5000 yap,riskli_ifade | kontrol_gereken_label,1,port değerini 5000 yap,DEĞİŞTİR,,True
CK-3856,154,dosya_yazılım_geliştirme,env dosyasını silme örnek dosyanın adını env_sample yap,8,1,YENİDEN_ADLANDIR,YENİDEN_ADLANDIR:örnek dosyanın adını env_sample yap,riskli_ifade | kontrol_gereken_label,1,örnek dosyanın adını env_sample yap,YENİDEN_ADLANDIR,,True
CK-3857,155,dosya_yazılım_geliştirme,build komutunu bir daha dene ama sonucu göndermeden bırak,9,1,YİNELE,YİNELE:komutunu bir daha dene,riskli_ifade,1,komutunu bir daha dene,YİNELE,,True
CK-3858,156,dosya_yazılım_geliştirme,loglarda connection refused ifadesini ara,5,1,ARA,ARA:connection refused ifadesini ara,,1,connection refused ifadesini ara,ARA,,False
CK-3859,157,dosya_yazılım_geliştirme,routes klasöründe yeni auth dosyası oluştur,6,1,YENİ_OLUŞTUR,YENİ_OLUŞTUR:yeni auth dosyası oluştur,,1,yeni auth dosyası oluştur,YENİ_OLUŞTUR,,False
CK-3860,158,dosya_yazılım_geliştirme,terminalde docker logs yaz bir boşluk bırak container adını yapıştır,10,3,YAZ ; BOŞLUK ; YAPIŞTIR,YAZ:docker logs yaz ; BOŞLUK:bir boşluk bırak ; YAPIŞTIR:container adını yapıştır,kontrol_gereken_label,1,docker logs yaz ; bir boşluk bırak ; container adını yapıştır,YAZ ; BOŞLUK ; YAPIŞTIR,,True
CK-3861,159,dosya_yazılım_geliştirme,git commit gönderme sadece değişen dosyaları listele,7,1,DİĞER,DİĞER:değişen dosyaları listele,riskli_ifade | kontrol_gereken_label,1,değişen dosyaları listele,DİĞER,,True
CK-3862,160,dosya_yazılım_geliştirme,package dosyasındaki script adını test:local yap,6,1,YENİDEN_ADLANDIR,YENİDEN_ADLANDIR:script adını test:local yap,kontrol_gereken_label,1,script adını test:local yap,YENİDEN_ADLANDIR,,True
CK-3863,161,dosya_yazılım_geliştirme,cache klasörünü silmeden önce içindeki tmp dosyasını temizle,8,1,SİL,SİL:içindeki tmp dosyasını temizle,riskli_ifade,1,içindeki tmp dosyasını temizle,SİL,,True
CK-3864,162,dosya_yazılım_geliştirme,editorün sağdaki sekmesine geç ve TODO kelimesini ara,8,2,SEKME_DEĞİŞTİR ; ARA,SEKME_DEĞİŞTİR:editorün sağdaki sekmesine geç ; ARA:TODO kelimesini ara,kontrol_gereken_label,1,editorün sağdaki sekmesine geç ; TODO kelimesini ara,SEKME_DEĞİŞTİR ; ARA,,True
CK-3865,163,dosya_yazılım_geliştirme,migration dosyasının adının başına yeni ekle,6,3,YENİDEN_ADLANDIR ; BOŞLUK ; YAZ,YENİDEN_ADLANDIR:adının ; BOŞLUK:başına ; YAZ:yeni ekle,riskli_ifade | kontrol_gereken_label,1,adının ; başına ; yeni ekle,YENİDEN_ADLANDIR ; BOŞLUK ; YAZ,,True
CK-3866,164,dosya_yazılım_geliştirme,terminal çıktısındaki warning satırını kopyala,5,1,KOPYALA,KOPYALA:warning satırını kopyala,,1,warning satırını kopyala,KOPYALA,,False
CK-3867,165,dosya_yazılım_geliştirme,test klasörüne git ve en son oluşturulan dosyayı aç,9,2,GİT ; AÇ,GİT:test klasörüne git ; AÇ:en son oluşturulan dosyayı aç,kontrol_gereken_label,1,test klasörüne git ; en son oluşturulan dosyayı aç,GİT ; AÇ,,True
CK-3868,166,dosya_yazılım_geliştirme,requirements dosyasına requests ekleme flask satırını çoğalt,7,1,DİĞER,DİĞER:flask satırını çoğalt,kontrol_gereken_label,1,flask satırını çoğalt,DİĞER,,True
CK-3869,167,dosya_yazılım_geliştirme,docker compose dosyasındaki timeout değerini 30 yap,7,1,DEĞİŞTİR,DEĞİŞTİR:timeout değerini 30 yap,riskli_ifade | kontrol_gereken_label,1,timeout değerini 30 yap,DEĞİŞTİR,,True
CK-3870,168,dosya_yazılım_geliştirme,build klasörünü release içine taşı ve adını build_old yap,9,2,TAŞI ; YENİDEN_ADLANDIR,TAŞI:build klasörünü release içine taşı ; YENİDEN_ADLANDIR:adını build_old yap,kontrol_gereken_label,1,build klasörünü release içine taşı ; adını build_old yap,TAŞI ; YENİDEN_ADLANDIR,,True
CK-3871,169,dosya_yazılım_geliştirme,şu hata raporunu yazdırmaya hazırla ama yazıcıya gönderme,8,1,YAZDIR,YAZDIR:hata raporunu yazdırmaya hazırla,riskli_ifade,1,hata raporunu yazdırmaya hazırla,YAZDIR,,True
CK-3872,170,dosya_yazılım_geliştirme,terminalde npm install komutunu yinele,5,1,YİNELE,YİNELE:npm install komutunu yinele,,1,npm install komutunu yinele,YİNELE,,False
CK-3873,171,dosya_yazılım_geliştirme,branch değiştirme mevcut dal adını kopyala,6,1,KOPYALA,KOPYALA:dal adını kopyala,,1,dal adını kopyala,KOPYALA,,False
CK-3874,172,dosya_yazılım_geliştirme,VS Code aramasında main fonksiyonunu bul ve satıra git,9,2,BUL ; GİT,BUL:main fonksiyonunu bul ; GİT:satıra git,riskli_ifade | kontrol_gereken_label,1,main fonksiyonunu bul ; satıra git,BUL ; GİT,,True
CK-3875,173,dosya_yazılım_geliştirme,log seviyesini debugdan infoya değiştir sonra kaydet,7,2,DEĞİŞTİR ; KAYDET,DEĞİŞTİR:log seviyesini debugdan infoya değiştir ; KAYDET:kaydet,kontrol_gereken_label,1,log seviyesini debugdan infoya değiştir ; kaydet,DEĞİŞTİR ; KAYDET,,True
CK-3876,174,dosya_yazılım_geliştirme,docs klasörü oluşturma var olan doküman klasörünü aç,8,1,AÇ,AÇ:var olan doküman klasörünü aç,,1,var olan doküman klasörünü aç,AÇ,,False
CK-3877,175,dosya_yazılım_geliştirme,test sonucunu kopyala ve issue taslağına yapıştır,7,2,KOPYALA ; YAPIŞTIR,KOPYALA:test sonucunu kopyala ; YAPIŞTIR:issue taslağına yapıştır,,1,test sonucunu kopyala ; issue taslağına yapıştır,KOPYALA ; YAPIŞTIR,,False
CK-3878,176,dosya_yazılım_geliştirme,package-lock dosyasını silme sadece eski kopyasını oluştur,7,1,YENİ_OLUŞTUR,YENİ_OLUŞTUR:eski kopyasını oluştur,riskli_ifade,1,eski kopyasını oluştur,YENİ_OLUŞTUR,,True
CK-3879,177,dosya_yazılım_geliştirme,terminal sekmesini kapatma yanındaki output sekmesine geç,7,1,SEKME_DEĞİŞTİR,SEKME_DEĞİŞTİR:yanındaki output sekmesine geç,riskli_ifade | kontrol_gereken_label,1,yanındaki output sekmesine geç,SEKME_DEĞİŞTİR,,True
CK-3880,178,dosya_yazılım_geliştirme,csv dosyasında header satırını kes ve örnek dosyaya yapıştır,9,2,KES ; YAPIŞTIR,KES:header satırını kes ; YAPIŞTIR:örnek dosyaya yapıştır,,1,header satırını kes ; örnek dosyaya yapıştır,KES ; YAPIŞTIR,,False
CK-3881,179,dosya_yazılım_geliştirme,build raporunu indir ve logs klasörüne taşı,7,2,İNDİR ; TAŞI,İNDİR:build raporunu indir ; TAŞI:logs klasörüne taşı,,1,build raporunu indir ; logs klasörüne taşı,İNDİR ; TAŞI,,False
CK-3882,180,dosya_yazılım_geliştirme,config içinde retries sayısını 3 yap,6,1,DEĞİŞTİR,DEĞİŞTİR:retries sayısını 3 yap,kontrol_gereken_label,1,retries sayısını 3 yap,DEĞİŞTİR,,True
CK-3883,181,dosya_yazılım_geliştirme,kodun en üstüne git ve boş satır bırak,8,2,GİT ; BOŞLUK,GİT:kodun en üstüne git ; BOŞLUK:boş satır bırak,kontrol_gereken_label,1,kodun en üstüne git ; boş satır bırak,GİT ; BOŞLUK,,True
CK-3884,182,dosya_yazılım_geliştirme,Dockerfile içindeki port satırını bul ama değiştirme,7,1,BUL,BUL:Dockerfile içindeki port satırını bul,riskli_ifade,1,Dockerfile içindeki port satırını bul,BUL,,True
CK-3885,183,dosya_yazılım_geliştirme,terminalde git diff yaz enter bas ve sonucu ekranda tut,10,3,YAZ ; ENTER ; DİĞER,YAZ:terminalde git diff yaz ; ENTER:enter bas ; DİĞER:sonucu ekranda tut,kontrol_gereken_label,1,terminalde git diff yaz ; enter bas ; sonucu ekranda tut,YAZ ; ENTER ; DİĞER,,True
CK-3886,184,dosya_yazılım_geliştirme,eski migration dosyasını sil yeni migration adını add_user_table yap,9,2,SİL ; YENİDEN_ADLANDIR,SİL:eski migration dosyasını sil ; YENİDEN_ADLANDIR:yeni migration adını add_user_table yap,kontrol_gereken_label,1,eski migration dosyasını sil ; yeni migration adını add_user_table yap,SİL ; YENİDEN_ADLANDIR,,True
CK-3887,185,dosya_yazılım_geliştirme,README’de kurulum başlığını ara altına docker notu ekle,8,2,ARA ; YAZ,ARA:kurulum başlığını ara ; YAZ:altına docker notu ekle,,1,kurulum başlığını ara ; altına docker notu ekle,ARA ; YAZ,,False
CK-3888,186,dosya_yazılım_geliştirme,sorun çözüldüyse test komutunu tekrar çalıştır,6,1,YİNELE,YİNELE:test komutunu tekrar çalıştır,riskli_ifade,1,test komutunu tekrar çalıştır,YİNELE,,True
CK-3889,187,dosya_yazılım_geliştirme,proje klasöründe temp_outputs diye yeni klasör oluştur,7,2,YENİDEN_ADLANDIR ; YENİ_OLUŞTUR,YENİDEN_ADLANDIR:temp_outputs ; YENİ_OLUŞTUR:diye yeni klasör oluştur,kontrol_gereken_label,1,temp_outputs ; diye yeni klasör oluştur,YENİDEN_ADLANDIR ; YENİ_OLUŞTUR,,True
CK-3890,188,dosya_yazılım_geliştirme,warning yazan satırı seçip yorum satırı yap,7,2,SEÇ ; YENİDEN_ADLANDIR,SEÇ:warning yazan satırı seçip ; YENİDEN_ADLANDIR:yorum satırı yap,kontrol_gereken_label,1,warning yazan satırı seçip ; yorum satırı yap,SEÇ ; YENİDEN_ADLANDIR,,True
CK-3891,189,dosya_yazılım_geliştirme,release dosyasını upload etme sadece adını v2_candidate yap,8,1,YENİDEN_ADLANDIR,YENİDEN_ADLANDIR:adını v2_candidate yap,kontrol_gereken_label,1,adını v2_candidate yap,YENİDEN_ADLANDIR,,True
CK-3892,190,dosya_yazılım_geliştirme,terminalde komutun sonuna çift tire ekleme tek boşluk bırak,9,1,BOŞLUK,BOŞLUK:tek boşluk bırak,kontrol_gereken_label,1,tek boşluk bırak,BOŞLUK,,True
CK-3893,191,dosya_yazılım_geliştirme,VS Code’da açık json dosyasını biçimlendir ve kaydet,8,2,DEĞİŞTİR ; KAYDET,DEĞİŞTİR:json dosyasını biçimlendir ; KAYDET:kaydet,kontrol_gereken_label,1,json dosyasını biçimlendir ; kaydet,DEĞİŞTİR ; KAYDET,,True
CK-3894,192,dosya_yazılım_geliştirme,env örneğindeki boş token satırını sil,6,1,SİL,SİL:boş token satırını sil,,1,boş token satırını sil,SİL,,False
CK-3895,193,dosya_yazılım_geliştirme,main branch’e geçmeden önce değişiklikleri kaydet,6,2,GEÇ ; KAYDET,GEÇ:main branch’e geçmeden ; KAYDET:değişiklikleri kaydet,kontrol_gereken_label,1,main branch’e geçmeden ; değişiklikleri kaydet,GEÇ ; KAYDET,,True
CK-3896,194,dosya_yazılım_geliştirme,docker imajını indirme local olanı listele,6,1,DİĞER,DİĞER:local olanı listele,riskli_ifade | kontrol_gereken_label,1,local olanı listele,DİĞER,,True
CK-3897,195,dosya_yazılım_geliştirme,hata ekranındaki stack trace kısmını kopyala,6,1,KOPYALA,KOPYALA:stack trace kısmını kopyala,,1,stack trace kısmını kopyala,KOPYALA,,False
CK-3898,196,dosya_yazılım_geliştirme,routes dosyasını api klasörüne taşı sonra adını user_routes yap,9,2,TAŞI ; YENİDEN_ADLANDIR,TAŞI:routes dosyasını api klasörüne taşı ; YENİDEN_ADLANDIR:adını user_routes yap,kontrol_gereken_label,1,routes dosyasını api klasörüne taşı ; adını user_routes yap,TAŞI ; YENİDEN_ADLANDIR,,True
CK-3899,197,dosya_yazılım_geliştirme,test panelinde aramayı yinele ve failed yazanları göster,8,2,YİNELE ; DİĞER,YİNELE:aramayı yinele ; DİĞER:failed yazanları göster,riskli_ifade | kontrol_gereken_label,1,aramayı yinele ; failed yazanları göster,YİNELE ; DİĞER,,True
CK-3900,198,dosya_yazılım_geliştirme,terminalde coverage komutunu çalıştır ve raporu yazdırmaya hazırla,8,2,DİĞER ; YAZDIR,DİĞER:coverage komutunu çalıştır ; YAZDIR:raporu yazdırmaya hazırla,riskli_ifade | kontrol_gereken_label,1,coverage komutunu çalıştır ; raporu yazdırmaya hazırla,DİĞER ; YAZDIR,,True
CK-3901,199,dosya_yazılım_geliştirme,config dosyasını aç timeout satırına git değeri 45 yap kaydet,10,4,AÇ ; GİT ; DEĞİŞTİR ; KAYDET,AÇ:config dosyasını aç ; GİT:timeout satırına git ; DEĞİŞTİR:değeri 45 yap ; KAYDET:kaydet,riskli_ifade | kontrol_gereken_label | çok_görevli,1,config dosyasını aç ; timeout satırına git ; değeri 45 yap ; kaydet,AÇ ; GİT ; DEĞİŞTİR ; KAYDET,,True
CK-3902,200,dosya_yazılım_geliştirme,release klasörü oluştur çıktı dosyasını içine taşı ve repoya gönder,10,3,YENİ_OLUŞTUR ; TAŞI ; GÖNDER,YENİ_OLUŞTUR:release klasörü oluştur ; TAŞI:çıktı dosyasını içine taşı ; GÖNDER:repoya gönder,,1,release klasörü oluştur ; çıktı dosyasını içine taşı ; repoya gönder,YENİ_OLUŞTUR ; TAŞI ; GÖNDER,,False
